code,url
HAM,http://en.wikipedia.org/wiki/Lewis_Hamilton
HEI,http://en.wikipedia.org/wiki/Nick_Heidfeld
ROS,http://en.wikipedia.org/wiki/Nico_Rosberg
ALO,http://en.wikipedia.org/wiki/Fernando_Alonso
KOV,http://en.wikipedia.org/wiki/Heikki_Kovalainen
NAK,http://en.wikipedia.org/wiki/Kazuki_Nakajima
BOU,http://en.wikipedia.org/wiki/S%C3%A9bastien_Bourdais
RAI,http://en.wikipedia.org/wiki/Kimi_R%C3%A4ikk%C3%B6nen
KUB,http://en.wikipedia.org/wiki/Robert_Kubica
GLO,http://en.wikipedia.org/wiki/Timo_Glock
SAT,http://en.wikipedia.org/wiki/Takuma_Sato
PIQ,"http://en.wikipedia.org/wiki/Nelson_Piquet,_Jr."
MAS,http://en.wikipedia.org/wiki/Felipe_Massa
COU,http://en.wikipedia.org/wiki/David_Coulthard
TRU,http://en.wikipedia.org/wiki/Jarno_Trulli
SUT,http://en.wikipedia.org/wiki/Adrian_Sutil
WEB,http://en.wikipedia.org/wiki/Mark_Webber_(racing_driver)
BUT,http://en.wikipedia.org/wiki/Jenson_Button
DAV,http://en.wikipedia.org/wiki/Anthony_Davidson
VET,http://en.wikipedia.org/wiki/Sebastian_Vettel
FIS,http://en.wikipedia.org/wiki/Giancarlo_Fisichella
BAR,http://en.wikipedia.org/wiki/Rubens_Barrichello
SCH,http://en.wikipedia.org/wiki/Ralf_Schumacher
LIU,http://en.wikipedia.org/wiki/Vitantonio_Liuzzi
WUR,http://en.wikipedia.org/wiki/Alexander_Wurz
SPE,http://en.wikipedia.org/wiki/Scott_Speed
ALB,http://en.wikipedia.org/wiki/Christijan_Albers
WIN,http://en.wikipedia.org/wiki/Markus_Winkelhock
YAM,http://en.wikipedia.org/wiki/Sakon_Yamamoto
MSC,http://en.wikipedia.org/wiki/Michael_Schumacher
MON,http://en.wikipedia.org/wiki/Juan_Pablo_Montoya
KLI,http://en.wikipedia.org/wiki/Christian_Klien
TMO,http://en.wikipedia.org/wiki/Tiago_Monteiro
IDE,http://en.wikipedia.org/wiki/Yuji_Ide
VIL,http://en.wikipedia.org/wiki/Jacques_Villeneuve
FMO,http://en.wikipedia.org/wiki/Franck_Montagny
DLR,http://en.wikipedia.org/wiki/Pedro_de_la_Rosa
DOO,http://en.wikipedia.org/wiki/Robert_Doornbos
KAR,http://en.wikipedia.org/wiki/Narain_Karthikeyan
FRI,http://en.wikipedia.org/wiki/Patrick_Friesacher
ZON,http://en.wikipedia.org/wiki/Ricardo_Zonta
PIZ,http://en.wikipedia.org/wiki/Ant%C3%B4nio_Pizzonia
\N,http://en.wikipedia.org/wiki/Cristiano_da_Matta
\N,http://en.wikipedia.org/wiki/Olivier_Panis
\N,http://en.wikipedia.org/wiki/Giorgio_Pantano
\N,http://en.wikipedia.org/wiki/Gianmaria_Bruni
\N,http://en.wikipedia.org/wiki/Zsolt_Baumgartner
\N,http://en.wikipedia.org/wiki/Marc_Gen%C3%A9
\N,http://en.wikipedia.org/wiki/Heinz-Harald_Frentzen
\N,http://en.wikipedia.org/wiki/Jos_Verstappen
\N,http://en.wikipedia.org/wiki/Justin_Wilson_(racing_driver)
\N,http://en.wikipedia.org/wiki/Ralph_Firman
\N,http://en.wikipedia.org/wiki/Nicolas_Kiesa
\N,http://en.wikipedia.org/wiki/Luciano_Burti
\N,http://en.wikipedia.org/wiki/Jean_Alesi
\N,http://en.wikipedia.org/wiki/Eddie_Irvine
\N,http://en.wikipedia.org/wiki/Mika_H%C3%A4kkinen
\N,http://en.wikipedia.org/wiki/Tarso_Marques
\N,http://en.wikipedia.org/wiki/Enrique_Bernoldi
\N,http://en.wikipedia.org/wiki/Gast%C3%B3n_Mazzacane
\N,http://en.wikipedia.org/wiki/Tom%C3%A1%C5%A1_Enge
\N,http://en.wikipedia.org/wiki/Alex_Yoong
\N,http://en.wikipedia.org/wiki/Mika_Salo
\N,http://en.wikipedia.org/wiki/Pedro_Diniz
\N,http://en.wikipedia.org/wiki/Johnny_Herbert
\N,http://en.wikipedia.org/wiki/Allan_McNish
BUE,http://en.wikipedia.org/wiki/S%C3%A9bastien_Buemi
\N,http://en.wikipedia.org/wiki/Toranosuke_Takagi
BAD,http://en.wikipedia.org/wiki/Luca_Badoer
\N,http://en.wikipedia.org/wiki/Alex_Zanardi
\N,http://en.wikipedia.org/wiki/Damon_Hill
\N,http://en.wikipedia.org/wiki/St%C3%A9phane_Sarrazin
\N,http://en.wikipedia.org/wiki/Ricardo_Rosset
\N,http://en.wikipedia.org/wiki/Esteban_Tuero
\N,http://en.wikipedia.org/wiki/Shinji_Nakano
MAG,http://en.wikipedia.org/wiki/Jan_Magnussen
\N,http://en.wikipedia.org/wiki/Gerhard_Berger
\N,http://en.wikipedia.org/wiki/Nicola_Larini
\N,http://en.wikipedia.org/wiki/Ukyo_Katayama
\N,http://en.wikipedia.org/wiki/Vincenzo_Sospiri
\N,http://en.wikipedia.org/wiki/Gianni_Morbidelli
\N,http://en.wikipedia.org/wiki/Norberto_Fontana
\N,http://en.wikipedia.org/wiki/Pedro_Lamy
\N,http://en.wikipedia.org/wiki/Martin_Brundle
\N,http://en.wikipedia.org/wiki/Andrea_Montermini
\N,http://en.wikipedia.org/wiki/Giovanni_Lavaggi
\N,http://en.wikipedia.org/wiki/Mark_Blundell
\N,http://en.wikipedia.org/wiki/Aguri_Suzuki
\N,http://en.wikipedia.org/wiki/Taki_Inoue
\N,http://en.wikipedia.org/wiki/Roberto_Moreno
\N,http://en.wikipedia.org/wiki/Karl_Wendlinger
\N,http://en.wikipedia.org/wiki/Bertrand_Gachot
\N,http://en.wikipedia.org/wiki/Domenico_Schiattarella
\N,http://en.wikipedia.org/wiki/Pierluigi_Martini
\N,http://en.wikipedia.org/wiki/Nigel_Mansell
\N,http://en.wikipedia.org/wiki/Jean-Christophe_Boullion
\N,http://en.wikipedia.org/wiki/Massimiliano_Papis
\N,http://en.wikipedia.org/wiki/Jean-Denis_Deletraz
\N,http://en.wikipedia.org/wiki/Gabriele_Tarquini
\N,http://en.wikipedia.org/wiki/%C3%89rik_Comas
\N,http://en.wikipedia.org/wiki/David_Brabham
\N,http://en.wikipedia.org/wiki/Ayrton_Senna
\N,http://en.wikipedia.org/wiki/%C3%89ric_Bernard
\N,http://en.wikipedia.org/wiki/Christian_Fittipaldi
\N,http://en.wikipedia.org/wiki/Michele_Alboreto
\N,http://en.wikipedia.org/wiki/Olivier_Beretta
\N,http://en.wikipedia.org/wiki/Roland_Ratzenberger
\N,http://en.wikipedia.org/wiki/Paul_Belmondo
\N,http://en.wikipedia.org/wiki/Jyrki_J%C3%A4rvilehto
\N,http://en.wikipedia.org/wiki/Andrea_de_Cesaris
\N,http://en.wikipedia.org/wiki/Jean-Marc_Gounon
\N,http://en.wikipedia.org/wiki/Philippe_Alliot
\N,http://en.wikipedia.org/wiki/Philippe_Adams
\N,http://en.wikipedia.org/wiki/Yannick_Dalmas
\N,http://en.wikipedia.org/wiki/Hideki_Noda
\N,http://en.wikipedia.org/wiki/Franck_Lagorce
\N,http://en.wikipedia.org/wiki/Alain_Prost
\N,http://en.wikipedia.org/wiki/Derek_Warwick
\N,http://en.wikipedia.org/wiki/Riccardo_Patrese
\N,http://en.wikipedia.org/wiki/Fabrizio_Barbazza
\N,http://en.wikipedia.org/wiki/Michael_Andretti
\N,http://en.wikipedia.org/wiki/Ivan_Capelli
\N,http://en.wikipedia.org/wiki/Thierry_Boutsen
\N,http://en.wikipedia.org/wiki/Marco_Apicella
\N,http://en.wikipedia.org/wiki/Emanuele_Naspetti
\N,http://en.wikipedia.org/wiki/Toshio_Suzuki_(driver)
\N,http://en.wikipedia.org/wiki/Maur%C3%ADcio_Gugelmin
\N,http://en.wikipedia.org/wiki/Eric_van_de_Poele
\N,http://en.wikipedia.org/wiki/Olivier_Grouillard
\N,http://en.wikipedia.org/wiki/Andrea_Chiesa
\N,http://en.wikipedia.org/wiki/Stefano_Modena
\N,http://en.wikipedia.org/wiki/Giovanna_Amati
\N,http://en.wikipedia.org/wiki/Alex_Caffi
\N,http://en.wikipedia.org/wiki/Enrico_Bertaggia
\N,http://en.wikipedia.org/wiki/Perry_McCarthy
\N,http://en.wikipedia.org/wiki/Jan_Lammers
\N,http://en.wikipedia.org/wiki/Nelson_Piquet
\N,http://en.wikipedia.org/wiki/Satoru_Nakajima
\N,http://en.wikipedia.org/wiki/Emanuele_Pirro
\N,http://en.wikipedia.org/wiki/Stefan_Johansson
\N,http://en.wikipedia.org/wiki/Julian_Bailey
\N,http://en.wikipedia.org/wiki/Pedro_Chaves
\N,http://en.wikipedia.org/wiki/Michael_Bartels
\N,http://en.wikipedia.org/wiki/Naoki_Hattori
\N,http://en.wikipedia.org/wiki/Alessandro_Nannini
\N,http://en.wikipedia.org/wiki/Bernd_Schneider_(racecar_driver)
\N,http://en.wikipedia.org/wiki/Paolo_Barilla
\N,http://en.wikipedia.org/wiki/Gregor_Foitek
\N,http://en.wikipedia.org/wiki/Claudio_Langes
\N,http://en.wikipedia.org/wiki/Gary_Brabham
\N,http://en.wikipedia.org/wiki/Martin_Donnelly_(racing_driver)
\N,http://en.wikipedia.org/wiki/Bruno_Giacomelli
ALG,http://en.wikipedia.org/wiki/Jaime_Alguersuari
GRO,http://en.wikipedia.org/wiki/Romain_Grosjean
KOB,http://en.wikipedia.org/wiki/Kamui_Kobayashi
\N,http://en.wikipedia.org/wiki/Jonathan_Palmer
\N,http://en.wikipedia.org/wiki/Christian_Danner
\N,http://en.wikipedia.org/wiki/Eddie_Cheever
\N,http://en.wikipedia.org/wiki/Luis_Perez-Sala
\N,http://en.wikipedia.org/wiki/Piercarlo_Ghinzani
\N,http://en.wikipedia.org/wiki/Volker_Weidler
\N,http://en.wikipedia.org/wiki/Pierre-Henri_Raphanel
\N,http://en.wikipedia.org/wiki/Ren%C3%A9_Arnoux
\N,http://en.wikipedia.org/wiki/Joachim_Winkelhock
\N,http://en.wikipedia.org/wiki/Oscar_Larrauri
\N,http://en.wikipedia.org/wiki/Philippe_Streiff
\N,http://en.wikipedia.org/wiki/Adri%C3%A1n_Campos
\N,http://en.wikipedia.org/wiki/Jean-Louis_Schlesser
\N,http://en.wikipedia.org/wiki/Pascal_Fabre
\N,http://en.wikipedia.org/wiki/Teo_Fabi
\N,http://en.wikipedia.org/wiki/Franco_Forini
\N,http://en.wikipedia.org/wiki/Jacques_Laffite
\N,http://en.wikipedia.org/wiki/Elio_de_Angelis
\N,http://en.wikipedia.org/wiki/Johnny_Dumfries
\N,http://en.wikipedia.org/wiki/Patrick_Tambay
\N,http://en.wikipedia.org/wiki/Marc_Surer
\N,http://en.wikipedia.org/wiki/Keke_Rosberg
\N,http://en.wikipedia.org/wiki/Alan_Jones_(Formula_1)
\N,http://en.wikipedia.org/wiki/Huub_Rothengatter
\N,http://en.wikipedia.org/wiki/Allen_Berg
\N,http://en.wikipedia.org/wiki/Manfred_Winkelhock
\N,http://en.wikipedia.org/wiki/Niki_Lauda
\N,http://en.wikipedia.org/wiki/Fran%C3%A7ois_Hesnault
\N,http://en.wikipedia.org/wiki/Mauro_Baldi
\N,http://en.wikipedia.org/wiki/Stefan_Bellof
\N,http://en.wikipedia.org/wiki/Kenny_Acheson
\N,http://en.wikipedia.org/wiki/John_Watson_(racing_driver)
\N,http://en.wikipedia.org/wiki/Johnny_Cecotto
\N,http://en.wikipedia.org/wiki/Jo_Gartner
\N,http://en.wikipedia.org/wiki/Corrado_Fabi
\N,http://en.wikipedia.org/wiki/Mike_Thackwell
\N,http://en.wikipedia.org/wiki/Chico_Serra
\N,http://en.wikipedia.org/wiki/Danny_Sullivan
\N,http://en.wikipedia.org/wiki/Eliseo_Salazar
\N,http://en.wikipedia.org/wiki/Roberto_Guerrero
\N,http://en.wikipedia.org/wiki/Raul_Boesel
\N,http://en.wikipedia.org/wiki/Jean-Pierre_Jarier
\N,http://en.wikipedia.org/wiki/Jacques_Villeneuve_(elder)
\N,http://en.wikipedia.org/wiki/Carlos_Reutemann
\N,http://en.wikipedia.org/wiki/Jochen_Mass
\N,http://en.wikipedia.org/wiki/Slim_Borgudd
\N,http://en.wikipedia.org/wiki/Didier_Pironi
\N,http://en.wikipedia.org/wiki/Gilles_Villeneuve
\N,http://en.wikipedia.org/wiki/Riccardo_Paletti
\N,http://en.wikipedia.org/wiki/Brian_Henton
\N,http://en.wikipedia.org/wiki/Derek_Daly
\N,http://en.wikipedia.org/wiki/Mario_Andretti
\N,http://en.wikipedia.org/wiki/Emilio_de_Villota
\N,http://en.wikipedia.org/wiki/Geoff_Lees
\N,http://en.wikipedia.org/wiki/Tommy_Byrne_%28racing_driver%29
\N,http://en.wikipedia.org/wiki/Rupert_Keegan
\N,http://en.wikipedia.org/wiki/Hector_Rebaque
\N,http://en.wikipedia.org/wiki/Beppe_Gabbiani
\N,http://en.wikipedia.org/wiki/Kevin_Cogan
\N,http://en.wikipedia.org/wiki/Miguel_Angel_Guerra
\N,http://en.wikipedia.org/wiki/Siegfried_Stohr
\N,http://en.wikipedia.org/wiki/Ricardo_Zunino
\N,http://en.wikipedia.org/wiki/Ricardo_Londo%C3%B1o
\N,http://en.wikipedia.org/wiki/Jean-Pierre_Jabouille
\N,http://en.wikipedia.org/wiki/Giorgio_Francia
\N,http://en.wikipedia.org/wiki/Patrick_Depailler
\N,http://en.wikipedia.org/wiki/Jody_Scheckter
\N,http://en.wikipedia.org/wiki/Clay_Regazzoni
\N,http://en.wikipedia.org/wiki/Emerson_Fittipaldi
\N,http://en.wikipedia.org/wiki/David_Kennedy_(racing_driver)
\N,http://en.wikipedia.org/wiki/Stephen_South
\N,http://en.wikipedia.org/wiki/Tiff_Needell
\N,http://en.wikipedia.org/wiki/Desir%C3%A9_Wilson
\N,http://en.wikipedia.org/wiki/Harald_Ertl
\N,http://en.wikipedia.org/wiki/Vittorio_Brambilla
\N,http://en.wikipedia.org/wiki/James_Hunt
\N,http://en.wikipedia.org/wiki/Arturo_Merzario
\N,http://en.wikipedia.org/wiki/Hans_Joachim_Stuck
\N,http://en.wikipedia.org/wiki/Gianfranco_Brancatelli
\N,http://en.wikipedia.org/wiki/Jacky_Ickx
\N,http://en.wikipedia.org/wiki/Patrick_Gaillard
\N,http://en.wikipedia.org/wiki/Alex_Ribeiro
\N,http://en.wikipedia.org/wiki/Ronnie_Peterson
\N,http://en.wikipedia.org/wiki/Brett_Lunger
\N,http://en.wikipedia.org/wiki/Danny_Ongais
\N,http://en.wikipedia.org/wiki/Lamberto_Leoni
\N,http://en.wikipedia.org/wiki/Divina_Galica
\N,http://en.wikipedia.org/wiki/Rolf_Stommelen
\N,http://en.wikipedia.org/wiki/Alberto_Colombo
\N,http://en.wikipedia.org/wiki/Tony_Trimmer
\N,http://en.wikipedia.org/wiki/Hans_Binder
\N,http://en.wikipedia.org/wiki/Michael_Bleekemolen
\N,http://en.wikipedia.org/wiki/Gimax
\N,http://en.wikipedia.org/wiki/Bobby_Rahal
\N,http://en.wikipedia.org/wiki/Carlos_Pace
\N,http://en.wikipedia.org/wiki/Ian_Scheckter
\N,http://en.wikipedia.org/wiki/Tom_Pryce
\N,http://en.wikipedia.org/wiki/Ingo_Hoffmann
\N,http://en.wikipedia.org/wiki/Renzo_Zorzi
\N,http://en.wikipedia.org/wiki/Gunnar_Nilsson
\N,http://en.wikipedia.org/wiki/Larry_Perkins
\N,http://en.wikipedia.org/wiki/Boy_Hayje
\N,http://en.wikipedia.org/wiki/Patrick_Neve
\N,http://en.wikipedia.org/wiki/David_Purley
\N,http://en.wikipedia.org/wiki/Conny_Andersson_(racing_driver)
\N,http://en.wikipedia.org/wiki/Bernard_de_Dryver
\N,http://en.wikipedia.org/wiki/Jackie_Oliver
\N,http://en.wikipedia.org/wiki/Mikko_Kozarowitzky
\N,http://en.wikipedia.org/wiki/Andy_Sutcliffe
\N,http://en.wikipedia.org/wiki/Guy_Edwards
\N,http://en.wikipedia.org/wiki/Brian_McGuire
\N,http://en.wikipedia.org/wiki/Vern_Schuppan
\N,http://en.wikipedia.org/wiki/Hans_Heyer
\N,http://en.wikipedia.org/wiki/Teddy_Pilette
\N,http://en.wikipedia.org/wiki/Ian_Ashley
\N,http://en.wikipedia.org/wiki/Loris_Kessel
\N,http://en.wikipedia.org/wiki/Kunimitsu_Takahashi
\N,http://en.wikipedia.org/wiki/Kazuyoshi_Hoshino
\N,http://en.wikipedia.org/wiki/Noritake_Takahara
\N,http://en.wikipedia.org/wiki/Lella_Lombardi
\N,http://en.wikipedia.org/wiki/Bob_Evans_(race_driver)
\N,http://en.wikipedia.org/wiki/Michel_Lecl%C3%A8re
\N,http://en.wikipedia.org/wiki/Chris_Amon
\N,http://en.wikipedia.org/wiki/Emilio_Zapico
\N,http://en.wikipedia.org/wiki/Henri_Pescarolo
\N,http://en.wikipedia.org/wiki/Jac_Nelleman
\N,http://en.wikipedia.org/wiki/Damien_Magee
\N,http://en.wikipedia.org/wiki/Mike_Wilds
\N,http://en.wikipedia.org/wiki/Alessandro_Pesenti-Rossi
\N,http://en.wikipedia.org/wiki/Otto_Stuppacher
\N,http://en.wikipedia.org/wiki/Warwick_Brown
\N,http://en.wikipedia.org/wiki/Masahiro_Hasemi
\N,http://en.wikipedia.org/wiki/Mark_Donohue
\N,http://en.wikipedia.org/wiki/Graham_Hill
\N,http://en.wikipedia.org/wiki/Wilson_Fittipaldi
\N,http://en.wikipedia.org/wiki/Guy_Tunmer
\N,http://en.wikipedia.org/wiki/Eddie_Keizan
\N,http://en.wikipedia.org/wiki/Dave_Charlton
\N,http://en.wikipedia.org/wiki/Tony_Brise
\N,http://en.wikipedia.org/wiki/Roelof_Wunderink
\N,http://en.wikipedia.org/wiki/Fran%C3%A7ois_Migault
\N,http://en.wikipedia.org/wiki/Torsten_Palm
\N,http://en.wikipedia.org/wiki/Gijs_Van_Lennep
\N,http://en.wikipedia.org/wiki/Hiroshi_Fushida
\N,http://en.wikipedia.org/wiki/John_Nicholson_(racing_driver)
\N,http://en.wikipedia.org/wiki/Dave_Morgan_(racing_driver)
\N,http://en.wikipedia.org/wiki/Jim_Crawford_(driver)
\N,http://en.wikipedia.org/wiki/Jo_Vonlanthen
\N,http://en.wikipedia.org/wiki/Denny_Hulme
\N,http://en.wikipedia.org/wiki/Mike_Hailwood
\N,http://en.wikipedia.org/wiki/Jean-Pierre_Beltoise
\N,http://en.wikipedia.org/wiki/Howden_Ganley
\N,http://en.wikipedia.org/wiki/Richard_Robarts
\N,http://en.wikipedia.org/wiki/Peter_Revson
\N,http://en.wikipedia.org/wiki/Paddy_Driver
\N,http://en.wikipedia.org/wiki/Tom_Bels%C3%B8
\N,http://en.wikipedia.org/wiki/Brian_Redman
\N,http://en.wikipedia.org/wiki/Rikky_von_Opel
\N,http://en.wikipedia.org/wiki/Tim_Schenken
\N,http://en.wikipedia.org/wiki/G%C3%A9rard_Larrousse
\N,http://en.wikipedia.org/wiki/Leo_Kinnunen
\N,http://en.wikipedia.org/wiki/Reine_Wisell
\N,http://en.wikipedia.org/wiki/Bertil_Roos
\N,http://en.wikipedia.org/wiki/Jos%C3%A9_Dolhem
\N,http://en.wikipedia.org/wiki/Peter_Gethin
\N,http://en.wikipedia.org/wiki/Derek_Bell_(auto_racer)
\N,http://en.wikipedia.org/wiki/David_Hobbs_(racing_driver)
\N,http://en.wikipedia.org/wiki/Dieter_Quester
\N,http://en.wikipedia.org/wiki/Helmuth_Koinigg
\N,http://en.wikipedia.org/wiki/Carlo_Facetti
\N,http://en.wikipedia.org/wiki/Eppie_Wietzes
\N,http://en.wikipedia.org/wiki/Fran%C3%A7ois_Cevert
\N,http://en.wikipedia.org/wiki/Jackie_Stewart
\N,http://en.wikipedia.org/wiki/Mike_Beuttler
\N,http://en.wikipedia.org/wiki/Nanni_Galli
\N,http://en.wikipedia.org/wiki/Luiz_Bueno
\N,http://en.wikipedia.org/wiki/George_Follmer
\N,http://en.wikipedia.org/wiki/Andrea_de_Adamich
\N,http://en.wikipedia.org/wiki/Jackie_Pretorius
\N,http://en.wikipedia.org/wiki/Roger_Williamson
\N,http://en.wikipedia.org/wiki/Graham_McRae
\N,http://en.wikipedia.org/wiki/Helmut_Marko
\N,http://en.wikipedia.org/wiki/David_Walker_(racing_driver)
\N,http://en.wikipedia.org/wiki/Alex_Soler-Roig
\N,http://en.wikipedia.org/wiki/John_Love_(racing_driver)
\N,http://en.wikipedia.org/wiki/John_Surtees
\N,http://en.wikipedia.org/wiki/Skip_Barber
\N,http://en.wikipedia.org/wiki/Bill_Brack
\N,http://en.wikipedia.org/wiki/Sam_Posey
\N,http://en.wikipedia.org/wiki/Pedro_Rodr%C3%ADguez_(racing_driver)
\N,http://en.wikipedia.org/wiki/Jo_Siffert
\N,http://en.wikipedia.org/wiki/Joakim_Bonnier
\N,http://en.wikipedia.org/wiki/Fran%C3%A7ois_Mazet
\N,http://en.wikipedia.org/wiki/Max_Jean
\N,http://en.wikipedia.org/wiki/Vic_Elford
\N,http://en.wikipedia.org/wiki/Silvio_Moser
\N,http://en.wikipedia.org/wiki/George_Eaton
\N,http://en.wikipedia.org/wiki/Pete_Lovely
\N,http://en.wikipedia.org/wiki/Chris_Craft_(racing_driver)
\N,http://en.wikipedia.org/wiki/John_Cannon_(auto_racer)
\N,http://en.wikipedia.org/wiki/Jack_Brabham
\N,http://en.wikipedia.org/wiki/John_Miles_(auto_racer)
\N,http://en.wikipedia.org/wiki/Jochen_Rindt
\N,http://en.wikipedia.org/wiki/Johnny_Servoz-Gavin
\N,http://en.wikipedia.org/wiki/Bruce_McLaren
\N,http://en.wikipedia.org/wiki/Piers_Courage
\N,http://en.wikipedia.org/wiki/Peter_de_Klerk
\N,http://en.wikipedia.org/wiki/Ignazio_Giunti
\N,http://en.wikipedia.org/wiki/Dan_Gurney
\N,http://en.wikipedia.org/wiki/Hubert_Hahne
\N,http://en.wikipedia.org/wiki/Gus_Hutchison
\N,http://en.wikipedia.org/wiki/Peter_Westbury
\N,http://en.wikipedia.org/wiki/Sam_Tingle
\N,http://en.wikipedia.org/wiki/Basil_van_Rooyen
\N,http://en.wikipedia.org/wiki/Richard_Attwood
\N,http://en.wikipedia.org/wiki/Al_Pease
\N,http://en.wikipedia.org/wiki/John_Cordts
\N,http://en.wikipedia.org/wiki/Jim_Clark
\N,http://en.wikipedia.org/wiki/Mike_Spence
\N,http://en.wikipedia.org/wiki/Ludovico_Scarfiotti
BIA,http://en.wikipedia.org/wiki/Lucien_Bianchi
\N,http://en.wikipedia.org/wiki/Jo_Schlesser
\N,http://en.wikipedia.org/wiki/Robin_Widdows
\N,"http://en.wikipedia.org/wiki/Kurt_Ahrens,_Jr."
\N,http://en.wikipedia.org/wiki/Frank_Gardner_(driver)
\N,http://en.wikipedia.org/wiki/Bobby_Unser
\N,http://en.wikipedia.org/wiki/Mois%C3%A9s_Solana
\N,http://en.wikipedia.org/wiki/Bob_Anderson_(racing_driver)
\N,http://en.wikipedia.org/wiki/Luki_Botha
\N,http://en.wikipedia.org/wiki/Lorenzo_Bandini
\N,http://en.wikipedia.org/wiki/Richie_Ginther
\N,http://en.wikipedia.org/wiki/Mike_Parkes
\N,http://en.wikipedia.org/wiki/Chris_Irwin
\N,http://en.wikipedia.org/wiki/Guy_Ligier
\N,http://en.wikipedia.org/wiki/Alan_Rees_(racing_driver)
\N,http://en.wikipedia.org/wiki/Brian_Hart
\N,http://en.wikipedia.org/wiki/Mike_Fisher_(driver)
\N,http://en.wikipedia.org/wiki/Tom_Jones_(auto_racer)
\N,http://en.wikipedia.org/wiki/Giancarlo_Baghetti
\N,http://en.wikipedia.org/wiki/Jonathan_Williams_(racing_driver)
\N,http://en.wikipedia.org/wiki/Bob_Bondurant
\N,http://en.wikipedia.org/wiki/Peter_Arundell
\N,http://en.wikipedia.org/wiki/Vic_Wilson_(motor_racing_driver)
\N,http://en.wikipedia.org/wiki/John_Taylor_(racer)
\N,http://en.wikipedia.org/wiki/Chris_Lawrence_(racing_driver)
\N,http://en.wikipedia.org/wiki/Trevor_Taylor
\N,http://en.wikipedia.org/wiki/Geki_(driver)
\N,http://en.wikipedia.org/wiki/Phil_Hill
\N,http://en.wikipedia.org/wiki/Innes_Ireland
\N,http://en.wikipedia.org/wiki/Ronnie_Bucknum
\N,http://en.wikipedia.org/wiki/Paul_Hawkins_(racing_driver)
\N,http://en.wikipedia.org/wiki/David_Prophet
\N,http://en.wikipedia.org/wiki/Tony_Maggs
\N,http://en.wikipedia.org/wiki/Trevor_Blokdyk
\N,http://en.wikipedia.org/wiki/Neville_Lederle
\N,http://en.wikipedia.org/wiki/Doug_Serrurier
\N,http://en.wikipedia.org/wiki/Brausch_Niemann
\N,http://en.wikipedia.org/wiki/Ernie_Pieterse
\N,http://en.wikipedia.org/wiki/Clive_Puzey
\N,http://en.wikipedia.org/wiki/Ray_Reed
\N,http://en.wikipedia.org/wiki/David_Clapham
\N,http://en.wikipedia.org/wiki/Alex_Blignaut
\N,http://en.wikipedia.org/wiki/Masten_Gregory
\N,http://en.wikipedia.org/wiki/John_Rhodes_(driver)
\N,http://en.wikipedia.org/wiki/Ian_Raby
\N,http://en.wikipedia.org/wiki/Alan_Rollinson
\N,http://en.wikipedia.org/wiki/Brian_Gubby
\N,http://en.wikipedia.org/wiki/Gerhard_Mitter
\N,http://en.wikipedia.org/wiki/Roberto_Bussinello
\N,http://en.wikipedia.org/wiki/Nino_Vaccarella
\N,http://en.wikipedia.org/wiki/Giorgio_Bassi
\N,http://en.wikipedia.org/wiki/Maurice_Trintignant
\N,http://en.wikipedia.org/wiki/Bernard_Collomb
\N,http://en.wikipedia.org/wiki/Andr%C3%A9_Pilette
\N,http://en.wikipedia.org/wiki/Carel_Godin_de_Beaufort
\N,http://en.wikipedia.org/wiki/Edgar_Barth
\N,http://en.wikipedia.org/wiki/Mario_de_Araujo_Cabral
\N,http://en.wikipedia.org/wiki/Walt_Hansgen
\N,http://en.wikipedia.org/wiki/Hap_Sharp
\N,http://en.wikipedia.org/wiki/Willy_Mairesse
\N,http://en.wikipedia.org/wiki/John_Campbell-Jones
\N,http://en.wikipedia.org/wiki/Ian_Burgess
\N,http://en.wikipedia.org/wiki/Tony_Settember
\N,http://en.wikipedia.org/wiki/Nasif_Est%C3%A9fano
\N,http://en.wikipedia.org/wiki/Jim_Hall_(race_car_driver)
\N,http://en.wikipedia.org/wiki/Tim_Parnell
\N,http://en.wikipedia.org/wiki/Kurt_Kuhnke
\N,http://en.wikipedia.org/wiki/Ernesto_Brambilla
\N,http://en.wikipedia.org/wiki/Roberto_Lippi
\N,http://en.wikipedia.org/wiki/G%C3%BCnther_Seiffert
\N,http://en.wikipedia.org/wiki/Carlo_Mario_Abate
\N,http://en.wikipedia.org/wiki/Gaetano_Starrabba
\N,http://en.wikipedia.org/wiki/Peter_Broeker
\N,http://en.wikipedia.org/wiki/Rodger_Ward
\N,http://en.wikipedia.org/wiki/Ernie_de_Vos
\N,http://en.wikipedia.org/wiki/Frank_Dochnal
\N,http://en.wikipedia.org/wiki/Talk:1963_Mexican_Grand_Prix#Who_was_Thomas_Monarch.3F
GAS,http://en.wikipedia.org/wiki/Pierre_Gasly
\N,http://en.wikipedia.org/wiki/Jackie_Lewis
\N,http://en.wikipedia.org/wiki/Ricardo_Rodr%C3%ADguez_(Formula_One)
\N,http://en.wikipedia.org/wiki/Wolfgang_Seidel
\N,http://en.wikipedia.org/wiki/Roy_Salvadori
\N,http://en.wikipedia.org/wiki/Ben_Pon
\N,http://en.wikipedia.org/wiki/Rob_Slotemaker
\N,http://en.wikipedia.org/wiki/Tony_Marsh_(racing_driver)
\N,http://en.wikipedia.org/wiki/Gerry_Ashmore
\N,http://en.wikipedia.org/wiki/Heinz_Schiller
\N,http://en.wikipedia.org/wiki/Colin_Davis_(driver)
\N,http://en.wikipedia.org/wiki/Jay_Chamberlain
\N,http://en.wikipedia.org/wiki/Tony_Shelly
\N,http://en.wikipedia.org/wiki/Keith_Greene
\N,http://en.wikipedia.org/wiki/Heini_Walter
\N,http://en.wikipedia.org/wiki/Ernesto_Prinoth
\N,http://en.wikipedia.org/wiki/Roger_Penske
\N,http://en.wikipedia.org/wiki/Rob_Schroeder
\N,http://en.wikipedia.org/wiki/Timmy_Mayer
\N,http://en.wikipedia.org/wiki/Bruce_Johnstone_(racing_driver)
\N,http://en.wikipedia.org/wiki/Mike_Harris_(race_car_driver)
\N,http://en.wikipedia.org/wiki/Gary_Hocking
\N,http://en.wikipedia.org/wiki/Syd_van_der_Vyver
\N,http://en.wikipedia.org/wiki/Stirling_Moss
\N,http://en.wikipedia.org/wiki/Wolfgang_Graf_Berghe_von_Trips
\N,http://en.wikipedia.org/wiki/Cliff_Allison
\N,http://en.wikipedia.org/wiki/Hans_Herrmann
\N,http://en.wikipedia.org/wiki/Tony_Brooks
\N,http://en.wikipedia.org/wiki/Michael_May_(racing_driver)
\N,http://en.wikipedia.org/wiki/Henry_Taylor_(racing_driver)
\N,http://en.wikipedia.org/wiki/Olivier_Gendebien
\N,http://en.wikipedia.org/wiki/Giorgio_Scarlatti
\N,http://en.wikipedia.org/wiki/Brian_Naylor
\N,http://en.wikipedia.org/wiki/Juan_Manuel_Bordeu
\N,http://en.wikipedia.org/wiki/Jack_Fairman
\N,http://en.wikipedia.org/wiki/Massimo_Natili
\N,http://en.wikipedia.org/wiki/Peter_Monteverdi
\N,http://en.wikipedia.org/wiki/Renato_Pirocchi
\N,http://en.wikipedia.org/wiki/Geoff_Duke
\N,http://en.wikipedia.org/wiki/Alfonso_Thiele
\N,http://en.wikipedia.org/wiki/Menato_Boffa
\N,http://en.wikipedia.org/wiki/Peter_Ryan_(driver)
\N,http://en.wikipedia.org/wiki/Lloyd_Ruby
\N,http://en.wikipedia.org/wiki/Ken_Miles
\N,http://en.wikipedia.org/wiki/Carlos_Menditeguy
\N,http://en.wikipedia.org/wiki/Alberto_Rodriguez_Larreta
\N,http://en.wikipedia.org/wiki/Jos%C3%A9_Froil%C3%A1n_Gonz%C3%A1lez
\N,http://en.wikipedia.org/wiki/Roberto_Bonomi
\N,http://en.wikipedia.org/wiki/Gino_Munaron
\N,http://en.wikipedia.org/wiki/Harry_Schell
\N,http://en.wikipedia.org/wiki/Alan_Stacey
\N,http://en.wikipedia.org/wiki/Ettore_Chimeri
\N,http://en.wikipedia.org/wiki/Antonio_Creus
\N,http://en.wikipedia.org/wiki/Chris_Bristow
\N,http://en.wikipedia.org/wiki/Bruce_Halford
\N,http://en.wikipedia.org/wiki/Chuck_Daigh
\N,http://en.wikipedia.org/wiki/Lance_Reventlow
\N,http://en.wikipedia.org/wiki/Jim_Rathmann
\N,http://en.wikipedia.org/wiki/Paul_Goldsmith
\N,http://en.wikipedia.org/wiki/Don_Branson
\N,http://en.wikipedia.org/wiki/Johnny_Thomson
\N,http://en.wikipedia.org/wiki/Eddie_Johnson_(auto_racer)
\N,http://en.wikipedia.org/wiki/Bob_Veith
\N,http://en.wikipedia.org/wiki/Bud_Tingelstad
\N,http://en.wikipedia.org/wiki/Bob_Christie_(racing_driver)
\N,http://en.wikipedia.org/wiki/Red_Amick
\N,http://en.wikipedia.org/wiki/Duane_Carter
\N,http://en.wikipedia.org/wiki/Bill_Homeier
\N,http://en.wikipedia.org/wiki/Gene_Hartley
\N,http://en.wikipedia.org/wiki/Chuck_Stevenson
\N,http://en.wikipedia.org/wiki/Bobby_Grim
\N,http://en.wikipedia.org/wiki/Shorty_Templeman
\N,http://en.wikipedia.org/wiki/Jim_Hurtubise
\N,http://en.wikipedia.org/wiki/Jimmy_Bryan
\N,http://en.wikipedia.org/wiki/Troy_Ruttman
\N,http://en.wikipedia.org/wiki/Eddie_Sachs
\N,http://en.wikipedia.org/wiki/Don_Freeland
\N,http://en.wikipedia.org/wiki/Tony_Bettenhausen
\N,http://en.wikipedia.org/wiki/Wayne_Weiler
\N,http://en.wikipedia.org/wiki/A.J._Foyt
\N,http://en.wikipedia.org/wiki/Eddie_Russo
\N,http://en.wikipedia.org/wiki/Johnny_Boyd
\N,http://en.wikipedia.org/wiki/Gene_Force
\N,http://en.wikipedia.org/wiki/Jim_McWithey
\N,http://en.wikipedia.org/wiki/Len_Sutton
\N,http://en.wikipedia.org/wiki/Dick_Rathmann
\N,http://en.wikipedia.org/wiki/Al_Herman
\N,http://en.wikipedia.org/wiki/Dempsey_Wilson
\N,http://en.wikipedia.org/wiki/Mike_Taylor_(driver)
\N,http://en.wikipedia.org/wiki/Ron_Flockhart_(auto_racing)
\N,http://en.wikipedia.org/wiki/David_Piper
\N,http://en.wikipedia.org/wiki/Giulio_Cabianca
\N,http://en.wikipedia.org/wiki/Piero_Drogo
\N,http://en.wikipedia.org/wiki/Fred_Gamble_(racing_driver)
\N,http://en.wikipedia.org/wiki/Arthur_Owen
\N,http://en.wikipedia.org/wiki/Horace_Gould
\N,http://en.wikipedia.org/wiki/Bob_Drake_(Formula_One)
\N,http://en.wikipedia.org/wiki/Ivor_Bueb
\N,http://en.wikipedia.org/wiki/Alain_de_Changy
\N,http://en.wikipedia.org/wiki/Maria_Teresa_de_Filippis
\N,http://en.wikipedia.org/wiki/Jean_Lucienbonnet
\N,http://en.wikipedia.org/wiki/Andr%C3%A9_Testut
\N,http://en.wikipedia.org/wiki/Jean_Behra
\N,http://en.wikipedia.org/wiki/Paul_Russo
\N,http://en.wikipedia.org/wiki/Jimmy_Daywalt
\N,http://en.wikipedia.org/wiki/Chuck_Arnold
\N,http://en.wikipedia.org/wiki/Al_Keller
\N,http://en.wikipedia.org/wiki/Pat_Flaherty_(racing_driver)
\N,http://en.wikipedia.org/wiki/Bill_Cheesbourg
\N,http://en.wikipedia.org/wiki/Ray_Crawford
\N,http://en.wikipedia.org/wiki/Jack_Turner_(driver)
\N,http://en.wikipedia.org/wiki/Chuck_Weyant
\N,http://en.wikipedia.org/wiki/Jud_Larson
\N,http://en.wikipedia.org/wiki/Mike_Magill
\N,http://en.wikipedia.org/wiki/Carroll_Shelby
\N,http://en.wikipedia.org/wiki/Fritz_d%27Orey
\N,http://en.wikipedia.org/wiki/Azdrubal_Fontes
\N,http://en.wikipedia.org/wiki/Peter_Ashdown
\N,http://en.wikipedia.org/wiki/Bill_Moss_(racing_driver)
\N,http://en.wikipedia.org/wiki/Dennis_Taylor_(racing_driver)
\N,http://en.wikipedia.org/wiki/Harry_Blanchard
\N,http://en.wikipedia.org/wiki/Alessandro_de_Tomaso
\N,http://en.wikipedia.org/wiki/George_Constantine
\N,http://en.wikipedia.org/wiki/Bob_Said
\N,http://en.wikipedia.org/wiki/Phil_Cade
\N,http://en.wikipedia.org/wiki/Luigi_Musso
\N,http://en.wikipedia.org/wiki/Mike_Hawthorn
\N,http://en.wikipedia.org/wiki/Juan_Manuel_Fangio
\N,http://en.wikipedia.org/wiki/Paco_Godia
\N,http://en.wikipedia.org/wiki/Peter_Collins_(racing_driver)
\N,http://en.wikipedia.org/wiki/Ken_Kavanagh
\N,http://en.wikipedia.org/wiki/Gerino_Gerini_(racing_driver)
\N,http://en.wikipedia.org/wiki/Bruce_Kessler
\N,http://en.wikipedia.org/wiki/Paul_Emery
\N,http://en.wikipedia.org/wiki/Luigi_Piotti
\N,http://en.wikipedia.org/wiki/Bernie_Ecclestone
\N,http://en.wikipedia.org/wiki/Luigi_Taramazzo
\N,http://en.wikipedia.org/wiki/Louis_Chiron
\N,http://en.wikipedia.org/wiki/Stuart_Lewis-Evans
\N,http://en.wikipedia.org/wiki/George_Amick
\N,http://en.wikipedia.org/wiki/Jimmy_Reece
\N,http://en.wikipedia.org/wiki/Johnnie_Parsons
\N,http://en.wikipedia.org/wiki/Johnnie_Tolan
\N,http://en.wikipedia.org/wiki/Billy_Garrett
\N,http://en.wikipedia.org/wiki/Ed_Elisian
\N,http://en.wikipedia.org/wiki/Pat_O%27Connor_(auto_racer)
\N,http://en.wikipedia.org/wiki/Jerry_Unser
\N,http://en.wikipedia.org/wiki/Art_Bisch
\N,http://en.wikipedia.org/wiki/Christian_Goethals
\N,http://en.wikipedia.org/wiki/Dick_Gibson
\N,http://en.wikipedia.org/wiki/Robert_La_Caze
\N,http://en.wikipedia.org/wiki/Andr%C3%A9_Guelfi
\N,http://en.wikipedia.org/wiki/Fran%C3%A7ois_Picard
\N,http://en.wikipedia.org/wiki/Tom_Bridger
\N,http://en.wikipedia.org/wiki/Alfonso_de_Portago
\N,http://en.wikipedia.org/wiki/Cesare_Perdisa
\N,http://en.wikipedia.org/wiki/Eugenio_Castellotti
\N,http://en.wikipedia.org/wiki/Andr%C3%A9_Simon_(racing_driver)
\N,http://en.wikipedia.org/wiki/Les_Leston
\N,http://en.wikipedia.org/wiki/Sam_Hanks
\N,http://en.wikipedia.org/wiki/Andy_Linden_(racing_driver)
\N,http://en.wikipedia.org/wiki/Marshall_Teague_(racing_driver)
\N,http://en.wikipedia.org/wiki/Don_Edmunds
\N,http://en.wikipedia.org/wiki/Fred_Agabashian
\N,http://en.wikipedia.org/wiki/Elmer_George
\N,http://en.wikipedia.org/wiki/Mike_MacDowel
\N,http://en.wikipedia.org/wiki/Herbert_MacKay-Fraser
\N,http://en.wikipedia.org/wiki/Bob_Gerard
\N,http://en.wikipedia.org/wiki/Umberto_Maglioli
\N,http://en.wikipedia.org/wiki/Paul_England
\N,http://en.wikipedia.org/wiki/Chico_Landi
\N,http://en.wikipedia.org/wiki/Alberto_Uria
\N,http://en.wikipedia.org/wiki/Hernando_da_Silva_Ramos
\N,http://en.wikipedia.org/wiki/%C3%89lie_Bayol
\N,http://en.wikipedia.org/wiki/Robert_Manzon
\N,http://en.wikipedia.org/wiki/Louis_Rosier
\N,http://en.wikipedia.org/wiki/Bob_Sweikert
\N,http://en.wikipedia.org/wiki/Cliff_Griffith
\N,http://en.wikipedia.org/wiki/Duke_Dinsmore
\N,http://en.wikipedia.org/wiki/Keith_Andrews_(driver)
\N,http://en.wikipedia.org/wiki/Paul_Fr%C3%A8re
\N,http://en.wikipedia.org/wiki/Luigi_Villoresi
\N,http://en.wikipedia.org/wiki/Piero_Scotti
\N,http://en.wikipedia.org/wiki/Colin_Chapman
\N,http://en.wikipedia.org/wiki/Desmond_Titterington
\N,http://en.wikipedia.org/wiki/Archie_Scott_Brown
\N,http://en.wikipedia.org/wiki/Ottorino_Volonterio
\N,http://en.wikipedia.org/wiki/Andr%C3%A9_Milhoux
\N,http://en.wikipedia.org/wiki/Toulo_de_Graffenried
\N,http://en.wikipedia.org/wiki/Piero_Taruffi
\N,http://en.wikipedia.org/wiki/Nino_Farina
\N,http://en.wikipedia.org/wiki/Roberto_Mieres
\N,http://en.wikipedia.org/wiki/Sergio_Mantovani
\N,http://en.wikipedia.org/wiki/Clemar_Bucci
\N,http://en.wikipedia.org/wiki/Jes%C3%BAs_Iglesias
\N,http://en.wikipedia.org/wiki/Alberto_Ascari
\N,http://en.wikipedia.org/wiki/Karl_Kling
\N,http://en.wikipedia.org/wiki/Pablo_Birger
\N,http://en.wikipedia.org/wiki/Jacques_Pollet
\N,http://en.wikipedia.org/wiki/Lance_Macklin
\N,http://en.wikipedia.org/wiki/Ted_Whiteaway
\N,http://en.wikipedia.org/wiki/Jimmy_Davies
\N,http://en.wikipedia.org/wiki/Walt_Faulkner
\N,http://en.wikipedia.org/wiki/Cal_Niday
\N,http://en.wikipedia.org/wiki/Art_Cross
\N,http://en.wikipedia.org/wiki/Bill_Vukovich
\N,http://en.wikipedia.org/wiki/Jack_McGrath_(racing_driver)
\N,http://en.wikipedia.org/wiki/Jerry_Hoyt
\N,http://en.wikipedia.org/wiki/Johnny_Claes
\N,http://en.wikipedia.org/wiki/Peter_Walker_(driver)
\N,http://en.wikipedia.org/wiki/Mike_Sparken
\N,http://en.wikipedia.org/wiki/Ken_Wharton
\N,http://en.wikipedia.org/wiki/Kenneth_McAlpine
\N,http://en.wikipedia.org/wiki/Leslie_Marr
\N,http://en.wikipedia.org/wiki/Tony_Rolt
\N,http://en.wikipedia.org/wiki/John_Fitch_(driver)
\N,http://en.wikipedia.org/wiki/Jean_Lucas
\N,http://en.wikipedia.org/wiki/Prince_Bira
\N,http://en.wikipedia.org/wiki/Onofre_Marim%C3%B3n
\N,http://en.wikipedia.org/wiki/Roger_Loyer
\N,http://en.wikipedia.org/wiki/Jorge_Daponte
\N,http://en.wikipedia.org/wiki/Mike_Nazaruk
\N,http://en.wikipedia.org/wiki/Larry_Crockett
\N,http://en.wikipedia.org/wiki/Manny_Ayulo
\N,http://en.wikipedia.org/wiki/Frank_Armi
\N,http://en.wikipedia.org/wiki/Travis_Webb
\N,http://en.wikipedia.org/wiki/Len_Duncan
\N,http://en.wikipedia.org/wiki/Ernie_McCoy
\N,http://en.wikipedia.org/wiki/Jacques_Swaters
\N,http://en.wikipedia.org/wiki/Georges_Berger
\N,http://en.wikipedia.org/wiki/Don_Beauman
\N,http://en.wikipedia.org/wiki/Leslie_Thorne
\N,http://en.wikipedia.org/wiki/Bill_Whitehouse
\N,http://en.wikipedia.org/wiki/John_Riseley-Prichard
\N,http://en.wikipedia.org/wiki/Reg_Parnell
\N,http://en.wikipedia.org/wiki/Peter_Whitehead_(racing_driver)
\N,http://en.wikipedia.org/wiki/Eric_Brandon
\N,http://en.wikipedia.org/wiki/Alan_Brown_(racing_driver)
\N,http://en.wikipedia.org/wiki/Rodney_Nuckey
\N,http://en.wikipedia.org/wiki/Hermann_Lang
\N,http://en.wikipedia.org/wiki/Theo_Helfrich
\N,http://en.wikipedia.org/wiki/Fred_Wacker
\N,http://en.wikipedia.org/wiki/Giovanni_de_Riu
\N,http://en.wikipedia.org/wiki/%C3%93scar_Alfredo_G%C3%A1lvez
\N,http://en.wikipedia.org/wiki/John_Barber_(racing_driver)
\N,http://en.wikipedia.org/wiki/Felice_Bonetto
\N,http://en.wikipedia.org/wiki/Adolfo_Schewelm_Cruz
\N,http://en.wikipedia.org/wiki/Duke_Nalon
\N,http://en.wikipedia.org/wiki/Carl_Scarborough
\N,http://en.wikipedia.org/wiki/Bill_Holland
\N,http://en.wikipedia.org/wiki/Bob_Scott_(auto_racer)
\N,http://en.wikipedia.org/wiki/Arthur_Legat
\N,http://en.wikipedia.org/wiki/Yves_Giraud_Cabantous
\N,http://en.wikipedia.org/wiki/Tony_Crook
\N,http://en.wikipedia.org/wiki/Jimmy_Stewart_(racing_driver)
\N,http://en.wikipedia.org/wiki/Ian_Stewart_(racing_driver)
\N,http://en.wikipedia.org/wiki/Duncan_Hamilton_(racing_driver)
\N,http://en.wikipedia.org/wiki/Ernst_Klodwig
\N,http://en.wikipedia.org/wiki/Rudolf_Krause
\N,http://en.wikipedia.org/wiki/Oswald_Karch
\N,http://en.wikipedia.org/wiki/Willi_Heeks
\N,http://en.wikipedia.org/wiki/Theo_Fitzau
\N,http://en.wikipedia.org/wiki/Kurt_Adolff
\N,http://en.wikipedia.org/wiki/G%C3%BCnther_Bechem
\N,http://en.wikipedia.org/wiki/Erwin_Bauer
\N,http://en.wikipedia.org/wiki/Hans_Von_Stuck
\N,http://en.wikipedia.org/wiki/Ernst_Loof
\N,http://en.wikipedia.org/wiki/Albert_Scherrer
\N,http://en.wikipedia.org/wiki/Max_de_Terra
\N,http://en.wikipedia.org/wiki/Peter_Hirt
\N,http://en.wikipedia.org/wiki/Piero_Carini
\N,http://en.wikipedia.org/wiki/Rudi_Fischer
\N,http://en.wikipedia.org/wiki/Toni_Ulmen
\N,http://en.wikipedia.org/wiki/George_Abecassis
\N,http://en.wikipedia.org/wiki/George_Connor_(driver)
\N,http://en.wikipedia.org/wiki/Jim_Rigsby
\N,http://en.wikipedia.org/wiki/Joe_James_(racing_driver)
\N,http://en.wikipedia.org/wiki/Bill_Schindler
\N,http://en.wikipedia.org/wiki/George_Fonder
\N,http://en.wikipedia.org/wiki/Henry_Banks
\N,http://en.wikipedia.org/wiki/Johnny_McDowell
\N,http://en.wikipedia.org/wiki/Chet_Miller
\N,http://en.wikipedia.org/wiki/Bobby_Ball_(auto_racer)
\N,http://en.wikipedia.org/wiki/Charles_de_Tornaco
\N,http://en.wikipedia.org/wiki/Roger_Laurent
\N,http://en.wikipedia.org/wiki/Robert_O%27Brien_(auto_racer)
\N,http://en.wikipedia.org/wiki/Tony_Gaze
\N,http://en.wikipedia.org/wiki/Robin_Montgomerie-Charrington
\N,http://en.wikipedia.org/wiki/Franco_Comotti
\N,http://en.wikipedia.org/wiki/Philippe_%C3%89tancelin
\N,http://en.wikipedia.org/wiki/Dennis_Poore
\N,http://en.wikipedia.org/wiki/Eric_Thompson_(racing_driver)
\N,http://en.wikipedia.org/wiki/Ken_Downing
\N,http://en.wikipedia.org/wiki/Graham_Whitehead
\N,http://en.wikipedia.org/wiki/Gino_Bianco
\N,http://en.wikipedia.org/wiki/David_Murray_(driver)
\N,http://en.wikipedia.org/wiki/Eitel_Cantoni
\N,http://en.wikipedia.org/wiki/Bill_Aston
\N,http://en.wikipedia.org/wiki/Adolf_Brudes
\N,http://en.wikipedia.org/wiki/Fritz_Riess
\N,http://en.wikipedia.org/wiki/Helmut_Niedermayr
\N,http://en.wikipedia.org/wiki/Hans_Klenk
\N,http://en.wikipedia.org/wiki/Marcel_Balsa
\N,http://en.wikipedia.org/wiki/Rudolf_Schoeller
\N,http://en.wikipedia.org/wiki/Paul_Pietsch
\N,http://en.wikipedia.org/wiki/Josef_Peters_(driver)
\N,http://en.wikipedia.org/wiki/Dries_van_der_Lof
\N,http://en.wikipedia.org/wiki/Jan_Flinterman
\N,http://en.wikipedia.org/wiki/Piero_Dusio
\N,http://en.wikipedia.org/wiki/Alberto_Crespo
\N,http://en.wikipedia.org/wiki/Franco_Rol
\N,http://en.wikipedia.org/wiki/Consalvo_Sanesi
\N,http://en.wikipedia.org/wiki/Guy_Mairesse
\N,http://en.wikipedia.org/wiki/Henri_Louveau
\N,http://en.wikipedia.org/wiki/Lee_Wallard
\N,http://en.wikipedia.org/wiki/Carl_Forberg
\N,http://en.wikipedia.org/wiki/Mauri_Rose
\N,http://en.wikipedia.org/wiki/Bill_Mackey
\N,http://en.wikipedia.org/wiki/Cecil_Green
\N,http://en.wikipedia.org/wiki/Walt_Brown_(auto_racer)
\N,http://en.wikipedia.org/wiki/Mack_Hellings
\N,http://en.wikipedia.org/wiki/Pierre_Levegh
\N,http://en.wikipedia.org/wiki/Eug%C3%A8ne_Chaboud
\N,http://en.wikipedia.org/wiki/Aldo_Gordini
\N,http://en.wikipedia.org/wiki/Joe_Kelly_(Formula_One)
\N,http://en.wikipedia.org/wiki/Philip_Fotheringham-Parker
\N,http://en.wikipedia.org/wiki/Brian_Shawe_Taylor
\N,http://en.wikipedia.org/wiki/John_James_(auto_racer)
\N,http://en.wikipedia.org/wiki/Toni_Branca
\N,http://en.wikipedia.org/wiki/Ken_Richardson_(race_car_driver)
\N,http://en.wikipedia.org/wiki/Juan_Jover
\N,http://en.wikipedia.org/wiki/Georges_Grignard
\N,http://en.wikipedia.org/wiki/David_Hampshire
\N,http://en.wikipedia.org/wiki/Geoff_Crossley
\N,http://en.wikipedia.org/wiki/Luigi_Fagioli
\N,http://en.wikipedia.org/wiki/Cuth_Harrison
\N,http://en.wikipedia.org/wiki/Joe_Fry
\N,http://en.wikipedia.org/wiki/Eug%C3%A8ne_Martin
\N,http://en.wikipedia.org/wiki/Leslie_Johnson_(racing_driver)
\N,http://en.wikipedia.org/wiki/Clemente_Biondetti
\N,http://en.wikipedia.org/wiki/Alfredo_Pi%C3%A0n
\N,http://en.wikipedia.org/wiki/Raymond_Sommer
\N,http://en.wikipedia.org/wiki/Joie_Chitwood
\N,http://en.wikipedia.org/wiki/Myron_Fohr
\N,http://en.wikipedia.org/wiki/Walt_Ader
\N,http://en.wikipedia.org/wiki/Jackie_Holmes
\N,http://en.wikipedia.org/wiki/Bayliss_Levrett
\N,http://en.wikipedia.org/wiki/Jimmy_Jackson_(driver)
\N,http://en.wikipedia.org/wiki/Nello_Pagani
\N,http://en.wikipedia.org/wiki/Charles_Pozzi
\N,http://en.wikipedia.org/wiki/Dorino_Serafini
\N,http://en.wikipedia.org/wiki/William_Cantrell
\N,http://en.wikipedia.org/wiki/Johnny_Mantz
\N,http://en.wikipedia.org/wiki/Danny_Kladis
\N,http://en.wikipedia.org/wiki/%C3%93scar_Gonz%C3%A1lez_(racing_driver)
HUL,http://en.wikipedia.org/wiki/Nico_H%C3%BClkenberg
PET,http://en.wikipedia.org/wiki/Vitaly_Petrov
DIG,http://en.wikipedia.org/wiki/Lucas_di_Grassi
SEN,http://en.wikipedia.org/wiki/Bruno_Senna
CHA,http://en.wikipedia.org/wiki/Karun_Chandhok
MAL,http://en.wikipedia.org/wiki/Pastor_Maldonado
DIR,http://en.wikipedia.org/wiki/Paul_di_Resta
PER,http://en.wikipedia.org/wiki/Sergio_P%C3%A9rez
DAM,http://en.wikipedia.org/wiki/J%C3%A9r%C3%B4me_d%27Ambrosio
RIC,http://en.wikipedia.org/wiki/Daniel_Ricciardo
VER,http://en.wikipedia.org/wiki/Jean-%C3%89ric_Vergne
PIC,http://en.wikipedia.org/wiki/Charles_Pic
CHI,http://en.wikipedia.org/wiki/Max_Chilton
GUT,http://en.wikipedia.org/wiki/Esteban_Guti%C3%A9rrez
BOT,http://en.wikipedia.org/wiki/Valtteri_Bottas
VDG,http://en.wikipedia.org/wiki/Giedo_van_der_Garde
BIA,http://en.wikipedia.org/wiki/Jules_Bianchi
MAG,http://en.wikipedia.org/wiki/Kevin_Magnussen
KVY,http://en.wikipedia.org/wiki/Daniil_Kvyat
LOT,http://en.wikipedia.org/wiki/Andr%C3%A9_Lotterer
ERI,http://en.wikipedia.org/wiki/Marcus_Ericsson
STE,http://en.wikipedia.org/wiki/Will_Stevens
VER,http://en.wikipedia.org/wiki/Max_Verstappen
NAS,http://en.wikipedia.org/wiki/Felipe_Nasr
SAI,http://en.wikipedia.org/wiki/Carlos_Sainz_Jr.
MER,http://en.wikipedia.org/wiki/Roberto_Merhi
RSS,http://en.wikipedia.org/wiki/Alexander_Rossi_%28racing_driver%29
PAL,http://en.wikipedia.org/wiki/Jolyon_Palmer
WEH,http://en.wikipedia.org/wiki/Pascal_Wehrlein
HAR,http://en.wikipedia.org/wiki/Rio_Haryanto
VAN,http://en.wikipedia.org/wiki/Stoffel_Vandoorne
OCO,http://en.wikipedia.org/wiki/Esteban_Ocon
STR,http://en.wikipedia.org/wiki/Lance_Stroll
GIO,http://en.wikipedia.org/wiki/Antonio_Giovinazzi
HAR,http://en.wikipedia.org/wiki/Brendon_Hartley
LEC,http://en.wikipedia.org/wiki/Charles_Leclerc
SIR,http://en.wikipedia.org/wiki/Sergey_Sirotkin_(racing_driver)
NOR,http://en.wikipedia.org/wiki/Lando_Norris
RUS,http://en.wikipedia.org/wiki/George_Russell_(racing_driver)
ALB,http://en.wikipedia.org/wiki/Alexander_Albon
LAT,http://en.wikipedia.org/wiki/Nicholas_Latifi
FIT,http://en.wikipedia.org/wiki/Pietro_Fittipaldi
AIT,http://en.wikipedia.org/wiki/Jack_Aitken
TSU,http://en.wikipedia.org/wiki/Yuki_Tsunoda
MAZ,http://en.wikipedia.org/wiki/Nikita_Mazepin
MSC,http://en.wikipedia.org/wiki/Mick_Schumacher
ZHO,http://en.wikipedia.org/wiki/Zhou_Guanyu
DEV,http://en.wikipedia.org/wiki/Nyck_de_Vries
PIA,http://en.wikipedia.org/wiki/Oscar_Piastri
SAR,http://en.wikipedia.org/wiki/Logan_Sargeant
LAW,http://en.wikipedia.org/wiki/Liam_Lawson
BEA,http://en.wikipedia.org/wiki/Oliver_Bearman
